experiment;mode;validation;accuracy;precision_micro;precision_macro;precision_weighted;recall_micro;recall_macro;recall_weighted;f1-score_micro;f1-score_macro;f1-score_weighted;training-time;time-stamp
train_mobis_pcm_shift-1;split-0.8;split-validation;0.9732026045504444;0.9732026045504444;0.5663982952956694;0.9534349683563377;0.9732026045504444;0.5279473091663961;0.9732026045504444;0.9732026045504444;0.5457848499343437;0.9630869274675767;25.085113;2020-09-28T16:39:23.689867+02:00
