experiment;mode;validation;accuracy;precision_micro;precision_macro;precision_weighted;recall_micro;recall_macro;recall_weighted;f1-score_micro;f1-score_macro;f1-score_weighted;training-time;time-stamp
train_new_hb_pcm_shift_samplev2-0;split-0.8;split-validation;0.9358490566037736;0.9358490566037736;0.4679245283018868;0.875813456746173;0.9358490566037736;0.5;0.9358490566037736;0.9358490566037736;0.48343079922027293;0.9048365147670014;5.564353;2020-09-25T11:16:42.303734+02:00
