experiment;mode;validation;accuracy;precision_micro;precision_macro;precision_weighted;recall_micro;recall_macro;recall_weighted;f1-score_micro;f1-score_macro;f1-score_weighted;training-time;time-stamp
train_new_hb_pcm_shift-0;split-0.8;split-validation;0.9530965926273807;0.9530965926273807;0.5877102445380861;0.9532939280769196;0.9530965926273807;0.525877481633978;0.9530965926273807;0.9530965926273807;0.5293917464652536;0.9463346932225868;590.299314;2020-09-25T03:22:00.483001+02:00
