experiment;mode;validation;accuracy;precision_micro;precision_macro;precision_weighted;recall_micro;recall_macro;recall_weighted;f1-score_micro;f1-score_macro;f1-score_weighted;training-time;time-stamp
train_mobis_pcm_shift-0;split-0.8;split-validation;0.9793261868300153;0.9793261868300153;0.6410203862331522;0.9728074397130819;0.9793261868300153;0.4443943107726699;0.9793261868300153;0.9793261868300153;0.4744859316334661;0.9708424367911844;54.620873;2020-09-24T21:30:39.854630+02:00
