experiment;mode;validation;accuracy;precision_micro;precision_macro;precision_weighted;recall_micro;recall_macro;recall_weighted;f1-score_micro;f1-score_macro;f1-score_weighted;training-time;time-stamp
train_new_hb_pcm_shift-0;split-0.8;split-validation;0.9532068866142237;0.9532068866142237;0.5900850087414542;0.9535525495372819;0.9532068866142237;0.5262379331602982;0.9532068866142237;0.9532068866142237;0.5301911003961634;0.9463302039249031;716.353417;2020-09-23T03:07:55.952872+02:00
